ticket_type,fare_count,fare_mean,fare_median,distance_km_mean,distance_km_median,passengers_mean,passengers_sum
Tourist Card,59193,105.11373642153633,105.38,5.512995624482625,3.97,20.0,1171860.0
Single,37341,105.44016443051873,105.6,5.446285852012533,3.95,20.009495725570826,739631.0
Smart Card,37244,105.05508350338309,104.765,5.500438996885404,3.96,20.016516150028476,738069.0
Return,14722,104.58831137073769,104.575,5.486719875016981,3.97,19.97558968732858,291324.0
